LMK_KEY,ADDRESS1,ADDRESS2,ADDRESS3,POSTCODE,BUILDING_REFERENCE_NUMBER,CURRENT_OPERATIONAL_RATING,YR1_OPERATIONAL_RATING,YR2_OPERATIONAL_RATING,OPERATIONAL_RATING_BAND,ELECTRIC_CO2,HEATING_CO2,RENEWABLES_CO2,PROPERTY_TYPE,INSPECTION_DATE,LOCAL_AUTHORITY,CONSTITUENCY,COUNTY,LODGEMENT_DATE,MAIN_BENCHMARK,MAIN_HEATING_FUEL,OTHER_FUEL,SPECIAL_ENERGY_USES,RENEWABLE_SOURCES,TOTAL_FLOOR_AREA,ANNUAL_THERMAL_FUEL_USAGE,TYPICAL_THERMAL_FUEL_USAGE,ANNUAL_ELECTRICAL_FUEL_USAGE,TYPICAL_ELECTRICAL_FUEL_USAGE,RENEWABLES_FUEL_THERMAL,RENEWABLES_ELECTRICAL,YR1_ELECTRICITY_CO2,YR2_ELECTRICITY_CO2,YR1_HEATING_CO2,YR2_HEATING_CO2,YR1_RENEWABLES_CO2,YR2_RENEWABLES_CO2,AIRCON_PRESENT,AIRCON_KW_RATING,ESTIMATED_AIRCON_KW_RATING,AC_INSPECTION_COMMISSIONED,BUILDING_ENVIRONMENT,BUILDING_CATEGORY,ADDRESS,LOCAL_AUTHORITY_LABEL,CONSTITUENCY_LABEL,POSTTOWN,NOMINATED_DATE,OR_ASSESSMENT_END_DATE,LODGEMENT_DATETIME,OCCUPANCY_LEVEL,UPRN,UPRN_SOURCE
2173900042008102020400979009200,,Kings Hedges Primary School,Northfields Avenue,CB4 2HU,806300070000,109.0,,,E,53.0,65.0,,Schools and seasonal public buildings,2008-10-21,E07000008,E14000617,Cambridgeshire County,2008-10-20,Schools and seasonal public buildings,Natural Gas,,NOne,,2083,161.0,156.0,46.0,40.0,0.0,0.0,,,,,,,,,,,Heating and Natural Ventilation,S3;,"Kings Hedges Primary School, Northfields Avenue",Cambridge,Cambridge,CAMBRIDGE,,2008-08-31,2008-10-20 20:40:09,,200004214182.0,Address Matched
2402580702008110712541069309000,,Spinney Primary School,Hayster Drive,CB1 9PB,673198360000,121.0,,,E,39.0,31.0,,Schools and seasonal public buildings,2008-10-01,E07000008,E14000617,Cambridgeshire County,2008-11-07,Schools and seasonal public buildings,Natural Gas,,Not applicable,Not applicable,1105,146.0,156.0,64.0,40.0,0.0,0.0,,,,,,,,,,,Heating and Natural Ventilation,S3;,"Spinney Primary School, Hayster Drive",Cambridge,Cambridge,CAMBRIDGE,,2008-08-27,2008-11-07 12:54:10,,200004213675.0,Address Matched
6081058012008120518371703900489,,Castle School,Courtney Way,CB4 2EE,495883880000,424.0,,,G,154.0,192.0,,Information not provided,2008-12-05,E07000008,E14000617,Cambridgeshire County,2008-12-05,Schools and seasonal public buildings,Natural Gas,,,,1562,633.0,156.0,179.0,40.0,0.0,0.0,,,,,,,,,,,Heating and Natural Ventilation,S3;,"Castle School, Courtney Way",Cambridge,Cambridge,CAMBRIDGE,,2008-09-30,2008-12-05 18:37:17,,10002562871.0,Address Matched
8063518032009010313030102900303,,St. Pauls C of E School,Coronation Street,CB2 1HJ,136235320000,166.0,,,G,47.0,55.0,,Schools and seasonal public buildings,2008-11-30,E07000008,E14000617,Cambridgeshire County,2009-01-03,Schools and seasonal public buildings,Natural Gas,,Not applicable,Not applicable,1173,240.0,156.0,73.0,40.0,0.0,0.0,,,,,,,,,,,Heating and Natural Ventilation,S3;,"St. Pauls C of E School, Coronation Street",Cambridge,Cambridge,CAMBRIDGE,2008-11-01,2008-08-31,2009-01-03 13:03:01,,200004215485.0,Address Matched
8124099052009010313243102000961,,St. Lukes C of E Primary School,Frenchs Road,CB4 3JZ,919492860000,78.0,,,D,30.0,32.0,,Schools and seasonal public buildings,2009-01-01,E07000008,E14000617,Cambridgeshire County,2009-01-03,Schools and seasonal public buildings,Natural Gas,,Not applicable,Not applicable,1523,109.0,157.0,36.0,40.0,0.0,0.0,,,,,,,,,,,Heating and Natural Ventilation,S3;,"St. Lukes C of E Primary School, Frenchs Road",Cambridge,Cambridge,CAMBRIDGE,2009-01-01,2008-11-29,2009-01-03 13:24:31,,10002565448.0,Address Matched
7507410962009010312354101790060,,St. Philips C of E Primary School,2 Vinery Way,CB1 3DR,602013110000,126.0,,,F,60.0,72.0,,Schools and seasonal public buildings,2008-11-30,E07000008,E14000617,Cambridgeshire County,2009-01-03,Schools and seasonal public buildings,Natural Gas,,Not applicable,Not applicable,1996,185.0,156.0,55.0,40.0,0.0,0.0,,,,,,,,,,,Heating and Natural Ventilation,S3;,"St. Philips C of E Primary School, 2 Vinery Way",Cambridge,Cambridge,CAMBRIDGE,2008-11-01,2008-08-31,2009-01-03 12:35:41,,200004184633.0,Address Matched
8832070062009012015100748990640,,Morley Memorial Primary School,91 Blinco Grove,CB1 7TX,440673840000,102.0,,,E,49.0,67.0,0.0,Schools And Seasonal Public Buildings,2009-01-16,E07000008,E14000934,Cambridgeshire County,2009-01-20,Schools And Seasonal Public Buildings,Natural Gas,,Not applicable,Not applicable,1712,204.0,184.0,53.0,56.0,0.0,0.0,,,,,,,,,,,Heating and Natural Ventilation,S3;,"Morley Memorial Primary School, 91 Blinco Grove",Cambridge,South Cambridgeshire,CAMBRIDGE,2009-01-01,2008-11-21,2009-01-20 15:10:07,,200004172832.0,Address Matched
9173698252009012115371809000353,,Mayfield Primary School,Warwick Road,CB4 3HN,333489450000,91.0,,,D,65.0,95.0,0.0,Schools And Seasonal Public Buildings,2009-01-21,E07000008,E14000617,Cambridgeshire County,2009-01-21,Schools And Seasonal Public Buildings,Natural Gas,,Not applicable,Not applicable,2789,177.0,161.0,43.0,57.0,0.0,0.0,,,,,,,,,,,Heating and Natural Ventilation,S3;,"Mayfield Primary School, Warwick Road",Cambridge,Cambridge,CAMBRIDGE,2009-01-01,2009-01-20,2009-01-21 15:37:18,,10002565450.0,Address Matched
12249261912009022411264203000533,,Queen Edith Cp School,Godwin Way,CB1 8QP,538913630000,115.0,,,E,49.0,98.0,,Schools and seasonal public buildings,2009-02-16,E07000008,E14000934,Cambridgeshire County,2009-02-24,Schools and seasonal public buildings,Natural Gas,,Not applicable,Not applicable,2813,180.0,121.0,32.0,40.0,0.0,0.0,,,,,,,,,,,Heating and Natural Ventilation,S3;,"Queen Edith Cp School, Godwin Way",Cambridge,South Cambridgeshire,CAMBRIDGE,2009-02-01,2009-01-01,2009-02-24 11:26:42,,10002565457.0,Address Matched
11952170022009022713234757070970,,The Student Support Centre,Ascham Road,CB4 2BD,753373750000,120.0,,,E,30.0,64.0,,Schools and seasonal public buildings,2009-03-01,E07000008,E14000617,Cambridgeshire County,2009-02-27,Schools and seasonal public buildings,Natural Gas,,Not applicable,Not applicable,1483,221.0,159.0,37.0,40.0,0.0,0.0,,,,,,,,,,,Heating and Natural Ventilation,S3;,"The Student Support Centre, Ascham Road",Cambridge,Cambridge,CAMBRIDGE,2009-03-01,2008-12-31,2009-02-27 13:23:47,,,
9381570022009030212070159070210,,Cambridgeshire Learning Disability Partnership,"Horizon Resource Centre, Coldhams Lane",CB1 3HY,157774900000,145.0,,,F,24.0,77.0,,Schools and seasonal public buildings,2009-03-02,E07000008,E14000617,Cambridgeshire County,2009-03-02,Schools and seasonal public buildings,Natural Gas,,Not applicable,Not applicable,1314,304.0,159.0,33.0,40.0,0.0,0.0,,,,,,,,,,,Heating and Natural Ventilation,S3;,"Cambridgeshire Learning Disability Partnership, Horizon Resource Centre, Coldhams Lane",Cambridge,Cambridge,CAMBRIDGE,2009-03-01,2008-12-31,2009-03-02 12:07:01,,200004213649.0,Address Matched
12613950062009031121454668970960,,Arbury Primary School,Carlton Way,CB4 2DE,660354830000,87.0,,,D,45.0,62.0,,Schools and seasonal public buildings,2009-03-11,E07000008,E14000617,Cambridgeshire County,2009-03-11,Schools and seasonal public buildings,Natural Gas,,,,2283,141.0,164.0,36.0,40.0,0.0,0.0,,,,,,,,,,,Heating and Natural Ventilation,S3;,"Arbury Primary School, Carlton Way",Cambridge,Cambridge,CAMBRIDGE,2009-03-01,2009-01-28,2009-03-11 21:45:46,,10002565449.0,Address Matched
12301030062009031213155521970270,,Abbey Meadows School,Galfrid Road,CB5 8ND,723431170000,200.0,,,G,0.0,0.0,0.0,Schools And Seasonal Public Buildings,2009-03-12,E07000008,E14000617,Cambridgeshire County,2009-03-12,Schools And Seasonal Public Buildings,Natural Gas,,,,2666,313.0,157.0,80.0,40.0,0.0,0.0,,,,,,,,,,,Heating and Natural Ventilation,S3,"Abbey Meadows School, Galfrid Road",Cambridge,Cambridge,CAMBRIDGE,2008-10-01,2008-07-30,2009-03-12 13:15:55,,10002562984.0,Address Matched
5094400922009032019500256000910,,Cherry Hinton Church of England Primary School,High Street,CB1 9HH,159100620000,71.0,,,C,19.0,30.0,,Schools and seasonal public buildings,2008-10-01,E07000008,E14000617,Cambridgeshire County,2009-03-20,Schools and seasonal public buildings,Natural Gas,,Not applicable,Not applicable,1316,116.0,156.0,27.0,40.0,0.0,0.0,,,,,,,,,,,Heating and Natural Ventilation,S3;,"Cherry Hinton Church of England Primary School, High Street",Cambridge,Cambridge,CAMBRIDGE,2008-10-01,2008-08-31,2009-03-20 19:50:02,,10002564606.0,Address Matched
8455550102009032020135829309000,,St Albans RC Primary School,Union Road,CB2 1HE,110735320000,200.0,,,G,52.0,74.0,,Schools and seasonal public buildings,2008-10-01,E07000008,E14000617,Cambridgeshire County,2009-03-20,Schools and seasonal public buildings,Natural Gas,,Not applicable,Not applicable,1227,312.0,156.0,80.0,40.0,0.0,0.0,,,,,,,,,,,Heating and Natural Ventilation,S3;,"St Albans RC Primary School, Union Road",Cambridge,Cambridge,CAMBRIDGE,2008-10-01,2008-08-31,2009-03-20 20:13:58,,,
5799958032009032020105395900405,,St. Laurences RC School,Arbury Road,CB4 2JX,556542230000,112.0,,,E,28.0,52.0,,Schools and seasonal public buildings,2008-10-01,E07000008,E14000617,Cambridgeshire County,2009-03-20,Schools and seasonal public buildings,Natural Gas,,Not applicable,Not applicable,1360,195.0,156.0,38.0,40.0,0.0,0.0,,,,,,,,,,,Heating and Natural Ventilation,S3;,"St. Laurences RC School, Arbury Road",Cambridge,Cambridge,CAMBRIDGE,2008-10-01,2008-08-31,2009-03-20 20:10:53,,200004216303.0,Address Matched
14728930022009032610042888270640,,Grove Primary School,Campkin Road,CB4 2NB,484131850000,92.0,,,D,58.0,157.0,0.0,Schools And Seasonal Public Buildings; Swimming Pool Centre,2009-03-26,E07000008,E14000617,Cambridgeshire County,2009-03-26,Schools And Seasonal Public Buildings,Natural Gas,,,,2751,294.0,249.0,38.0,67.0,0.0,0.0,,,,,,,,,,,Heating and Natural Ventilation,S3; H6,"Grove Primary School, Campkin Road",Cambridge,Cambridge,CAMBRIDGE,2008-12-01,2008-10-31,2009-03-26 10:04:28,,10002565458.0,Address Matched
13011390042009042113495805700040,,Shirley Community Nursery and Primary School,Nuffield Road,CB4 1TF,102819700000,130.0,,,F,63.0,74.0,0.0,Schools And Seasonal Public Buildings,2009-04-05,E07000008,E14000617,Cambridgeshire County,2009-04-21,Schools And Seasonal Public Buildings,Natural Gas,,Not applicable,Not applicable,1782,216.0,174.0,64.0,46.0,0.0,0.0,,,,,,,,,,,Heating and Natural Ventilation,S3;,"Shirley Community Nursery and Primary School, Nuffield Road",Cambridge,Cambridge,CAMBRIDGE,2009-04-01,2009-03-05,2009-04-21 13:49:58,,200004214065.0,Address Matched
8384240842009042316100950100770,,Netherhall Upper School,Queen Ediths Way,CB1 8NN,682224150000,109.0,,,E,258.0,145.0,,Schools and seasonal public buildings,2009-03-30,E07000008,E14000934,Cambridgeshire County,2009-04-23,Schools and seasonal public buildings,Natural Gas,,Not applicable,Not applicable,6974,107.0,159.0,67.0,40.0,0.0,0.0,,,,,,,,,,,Heating and Natural Ventilation,S3;,"Netherhall Upper School, Queen Ediths Way",Cambridge,South Cambridgeshire,CAMBRIDGE,2009-03-01,2008-12-30,2009-04-23 16:10:09,,200004202889.0,Address Matched
15981182212009043012063205000136,,Colville Primary School,Colville Road,CB1 9EJ,162725830000,143.0,,,F,30.0,92.0,0.0,Schools And Seasonal Public Buildings,2009-04-28,E07000008,E14000617,Cambridgeshire County,2009-04-30,Schools And Seasonal Public Buildings,Natural Gas,,Not applicable,Not applicable,1565,304.0,164.0,35.0,40.0,0.0,0.0,,,,,,,,,,,Heating and Natural Ventilation,S3;,"Colville Primary School, Colville Road",Cambridge,Cambridge,CAMBRIDGE,2009-04-01,2009-02-28,2009-04-30 12:06:32,,10002565459.0,Address Matched
14544950062009043014070703740031,MAIN BUILDING,North Cambridge Academy,Arbury Road,CB4 2JF,307957300001,195.0,,,G,66.0,239.0,0.0,Schools And Seasonal Public Buildings,2009-04-30,E07000008,E14000617,Cambridgeshire County,2009-04-30,Schools And Seasonal Public Buildings,Natural Gas,,Not applicable,Not applicable,2869,430.0,164.0,42.0,40.0,0.0,0.0,,,,,,,,,,,Heating and Natural Ventilation,S3;,"MAIN BUILDING, North Cambridge Academy, Arbury Road",Cambridge,Cambridge,CAMBRIDGE,2009-04-01,2009-03-01,2009-04-30 14:07:07,,200004213245.0,Address Matched
14545070002009043014102600320740,SCIENCE AND TECHNOLOGY BLOCK,North Cambridge Academy,Arbury Road,CB4 2JF,307957300002,195.0,,,G,35.0,128.0,0.0,Schools And Seasonal Public Buildings,2009-04-30,E07000008,E14000617,Cambridgeshire County,2009-04-30,Schools And Seasonal Public Buildings,Natural Gas,,Not applicable,Not applicable,1538,430.0,164.0,42.0,40.0,0.0,0.0,,,,,,,,,,,Heating and Natural Ventilation,S3;,"SCIENCE AND TECHNOLOGY BLOCK, North Cambridge Academy, Arbury Road",Cambridge,Cambridge,CAMBRIDGE,2009-04-01,2009-03-01,2009-04-30 14:10:26,,200004213245.0,Address Matched
8384095912009052817054302000566,,Netherhall Lower School,Queen Ediths Way,CB1 8NN,565852560000,148.0,,,F,119.0,307.0,,Schools and seasonal public buildings,2009-02-11,E07000008,E14000934,Cambridgeshire County,2009-05-28,Schools and seasonal public buildings,Oil,,Not applicable,Not applicable,5462,214.0,159.0,39.0,40.0,0.0,0.0,,,,,,,Yes,,1.0,3.0,Heating and Natural Ventilation,S3;,"Netherhall Lower School, Queen Ediths Way",Cambridge,South Cambridgeshire,CAMBRIDGE,2009-03-01,2008-12-29,2009-05-28 17:05:43,,200004202889.0,Address Matched
18239349012009060416040104000357,,The Fields Childrens Centre,Galfrid Road,CB5 8ND,378294050000,200.0,,,G,44.0,62.0,0.0,Schools And Seasonal Public Buildings,2009-06-04,E07000008,E14000617,Cambridgeshire County,2009-06-04,Schools And Seasonal Public Buildings,Natural Gas,,,,1284,321.0,161.0,80.0,40.0,0.0,0.0,,,,,,,No,1.0,,5.0,Heating and Natural Ventilation,S3,"The Fields Childrens Centre, Galfrid Road",Cambridge,Cambridge,CAMBRIDGE,2009-06-01,2009-04-30,2009-06-04 16:04:01,,10023617312.0,Address Matched
3775140022009061709301338970210,,Coleridge Community College,Radegund Road,CB1 3RJ,133644890000,200.0,,,G,260.0,310.0,,Schools and seasonal public buildings,2009-03-12,E07000008,E14000617,Cambridgeshire County,2009-06-17,Schools and seasonal public buildings,Natural Gas,,Not applicable,Not applicable,4530,354.0,177.0,104.0,52.0,0.0,0.0,,,,,,,Yes,,2.0,5.0,Heating and Mechanical Ventilation,S3;,"Coleridge Community College, Radegund Road",Cambridge,Cambridge,CAMBRIDGE,2008-10-01,2008-09-28,2009-06-17 09:30:13,,200004213739.0,Address Matched
3298470062009061709272086970260,,Parkside Community College,Parkside,CB1 1EH,688077600000,200.0,,,G,98.0,134.0,,Schools and seasonal public buildings,2009-03-12,E07000008,E14000617,Cambridgeshire County,2009-06-17,Schools and seasonal public buildings,Natural Gas,,Not applicable,Not applicable,2246,312.0,156.0,80.0,40.0,0.0,0.0,,,,,,,Yes,,2.0,5.0,Heating and Natural Ventilation,S3;,"Parkside Community College, Parkside",Cambridge,Cambridge,CAMBRIDGE,2008-10-01,2008-09-28,2009-06-17 09:27:20,,200004214443.0,Address Matched
13222653012009062613501507000327,,Shirley Community Nursery and Primary School (Lower Site),Green End Road,CB4 1RW,379737520000,119.0,,,E,51.0,81.0,0.0,Schools And Seasonal Public Buildings,2009-03-05,E07000008,E14000617,Cambridgeshire County,2009-06-26,Schools And Seasonal Public Buildings,Natural Gas,,Not applicable,Not applicable,2055,205.0,163.0,45.0,40.0,0.0,0.0,,,,,,,No,,,5.0,Heating and Natural Ventilation,S3;,"Shirley Community Nursery and Primary School (Lower Site), Green End Road",Cambridge,Cambridge,CAMBRIDGE,2009-04-01,2009-01-28,2009-06-26 13:50:15,,,
20341224012009072312461607010415,MAIN BLOCK,Chesterton Community College,Gilbert Road,CB4 3NY,455247010001,106.0,,,E,341.0,402.0,,Dry sports and leisure facility; Schools and seasonal public buildings,2009-07-02,E07000008,E14000617,Cambridgeshire County,2009-07-23,Schools and seasonal public buildings,Natural Gas,,Not applicable,Not applicable,9128,227.0,222.0,68.0,61.0,0.0,0.0,,,,,,,Yes,,2.0,3.0,Heating and Mechanical Ventilation,H8; S3;,"MAIN BLOCK, Chesterton Community College, Gilbert Road",Cambridge,Cambridge,CAMBRIDGE,2009-07-24,2009-05-31,2009-07-23 12:46:16,,200004213272.0,Address Matched
30502420032010020515301496000092,,Fawcett Cp School,Alpha Terrace,CB2 9FS,226603570000,128.0,,,F,63.0,75.0,,Schools and seasonal public buildings,2010-01-01,E07000008,E14000617,Cambridgeshire County,2010-02-05,Schools and seasonal public buildings,Natural Gas,,Not applicable,Not applicable,2063,188.0,157.0,56.0,40.0,0.0,0.0,,,,,,,No,,,4.0,Heating and Natural Ventilation,S3;,"Fawcett Cp School, Alpha Terrace",Cambridge,Cambridge,CAMBRIDGE,2010-01-31,2009-10-31,2010-02-05 15:30:14,,10002565445.0,Address Matched
461702252010041417244507019566,SPORTS HALL,St.Bedes Interchurch School,Birdwood Road,CB1 3TD,566627160001,126.0,,,F,38.0,41.0,0.0,Schools And Seasonal Public Buildings,2010-01-20,E07000008,E14000617,Cambridgeshire County,2010-04-14,Schools And Seasonal Public Buildings,Natural Gas,,,,1199,176.0,155.0,57.0,40.0,0.0,0.0,,,,,,,Yes,,1.0,5.0,Heating and Mechanical Ventilation,S3;,"SPORTS HALL, St.Bedes Interchurch School, Birdwood Road",Cambridge,Cambridge,CAMBRIDGE,2010-01-31,2009-11-30,2010-04-14 17:24:45,,200004213714.0,Address Matched
461512912010041508525307039566,MAIN BUILDING,St.Bedes Interchurch School,Birdwood Road,CB1 3TD,566627160003,105.0,,,E,185.0,117.0,0.0,Schools And Seasonal Public Buildings,2010-02-19,E07000008,E14000617,Cambridgeshire County,2010-04-15,Schools And Seasonal Public Buildings,Natural Gas,,,,5557,109.0,155.0,61.0,40.0,0.0,0.0,,,,,,,Yes,,1.0,5.0,Heating and Natural Ventilation,S3;,"MAIN BUILDING, St.Bedes Interchurch School, Birdwood Road",Cambridge,Cambridge,CAMBRIDGE,2010-02-26,2009-11-30,2010-04-15 08:52:53,,200004213714.0,Address Matched
461670602010041509012061120920,ST ETHELDREDA,St.Bedes Interchurch School,Birdwood Road,CB1 3TD,566627160002,74.0,,,C,37.0,6.0,0.0,Schools And Seasonal Public Buildings,2010-02-19,E07000008,E14000617,Cambridgeshire County,2010-04-15,Schools And Seasonal Public Buildings,Natural Gas,,,,1094,27.0,155.0,61.0,40.0,0.0,0.0,,,,,,,No,,,4.0,Heating and Natural Ventilation,S3;,"ST ETHELDREDA, St.Bedes Interchurch School, Birdwood Road",Cambridge,Cambridge,CAMBRIDGE,2010-02-26,2009-11-30,2010-04-15 09:01:20,,200004213714.0,Address Matched
35265142012010051209030004019658,D&T/SCIENCE,Netherhall Upper School,Queen Ediths Way,CB1 8NN,682224150001,114.0,,,E,43.0,40.0,0.0,Schools And Seasonal Public Buildings,2010-05-04,E07000008,E14000934,Cambridgeshire County,2010-05-12,Schools And Seasonal Public Buildings,Natural Gas,,Not applicable,Not applicable,1379,149.0,159.0,57.0,40.0,0.0,0.0,,,,,,,Yes,,1.0,5.0,Heating and Natural Ventilation,S3;,"D&T/SCIENCE, Netherhall Upper School, Queen Ediths Way",Cambridge,South Cambridgeshire,CAMBRIDGE,2010-03-31,2010-03-31,2010-05-12 09:03:00,,,
35265220022010051208593681050462,ADMIN/HALL/KITCHEN/SPORTS HALL,Netherhall Upper School,Queen Ediths Way,CB1 8NN,682224150002,114.0,,,E,72.0,66.0,0.0,Schools And Seasonal Public Buildings,2010-05-04,E07000008,E14000934,Cambridgeshire County,2010-05-12,Schools And Seasonal Public Buildings,Natural Gas,,Not applicable,Not applicable,2275,149.0,159.0,57.0,40.0,0.0,0.0,,,,,,,No,,,4.0,Heating and Natural Ventilation,S3;,"ADMIN/HALL/KITCHEN/SPORTS HALL, Netherhall Upper School, Queen Ediths Way",Cambridge,South Cambridgeshire,CAMBRIDGE,2010-03-31,2010-03-31,2010-05-12 08:59:36,,,
35265360332010051209060242000298,HUMANITIES,Netherhall Upper School,Queen Ediths Way,CB1 8NN,682224150003,114.0,,,E,67.0,62.0,0.0,Schools And Seasonal Public Buildings,2010-05-04,E07000008,E14000934,Cambridgeshire County,2010-05-12,Schools And Seasonal Public Buildings,Natural Gas,,Not applicable,Not applicable,2140,149.0,159.0,57.0,40.0,0.0,0.0,,,,,,,Yes,,1.0,5.0,Heating and Natural Ventilation,S3;,"HUMANITIES, Netherhall Upper School, Queen Ediths Way",Cambridge,South Cambridgeshire,CAMBRIDGE,2010-03-31,2010-03-31,2010-05-12 09:06:02,,200004202889.0,Address Matched
35265440842010051209100154140050,TEACHING BLOCK,Netherhall Upper School,Queen Ediths Way,CB1 8NN,682224150004,0.0,,,A,0.0,0.0,,Schools And Seasonal Public Buildings,2010-05-04,E07000008,E14000934,Cambridgeshire County,2010-05-12,Schools And Seasonal Public Buildings,Natural Gas,,,,3923,0.0,0.0,0.0,0.0,0.0,0.0,,,,,,,Yes,,1.0,5.0,Heating and Natural Ventilation,S3;,"TEACHING BLOCK, Netherhall Upper School, Queen Ediths Way",Cambridge,South Cambridgeshire,CAMBRIDGE,2010-03-31,2010-03-31,2010-05-12 09:10:01,,200004202889.0,Address Matched
46509640342011020111062495810990,MAIN BUILDING,Coleridge Community College,Radegund Road,CB1 3RJ,133644890001,95.0,,,D,84.0,165.0,0.0,Schools And Seasonal Public Buildings,2011-01-15,E07000008,E14000617,Cambridgeshire County,2011-02-01,Schools And Seasonal Public Buildings,Natural Gas,,,,4868,174.0,164.0,32.0,40.0,0.0,0.0,,,,,,,Yes,40.0,,2.0,Heating and Natural Ventilation,S3;,"MAIN BUILDING, Coleridge Community College, Radegund Road",Cambridge,Cambridge,CAMBRIDGE,2010-10-01,2010-09-30,2011-02-01 11:06:24,Standard Occupancy,200004213739.0,Address Matched
47387870842011022118322901610290,MAIN BUILDING,Parkside Community College,Parkside,CB1 1EH,688077600001,168.0,200.0,,G,162.0,110.0,0.0,Schools And Seasonal Public Buildings,2011-01-29,E07000008,E14000617,Cambridgeshire County,2011-02-21,Schools And Seasonal Public Buildings,Natural Gas,,,,2246,251.0,197.0,132.0,61.0,0.0,0.0,0.0,,0.0,,0.0,,Yes,61.0,,1.0,Heating and Natural Ventilation,S3;,"MAIN BUILDING, Parkside Community College, Parkside",Cambridge,Cambridge,CAMBRIDGE,2009-10-01,2009-10-01,2011-02-21 18:32:29,Extended Occupancy,200004214443.0,Address Matched
48396787052011032316084904019105,MAIN BUILDING,Cambridgeshire Learning Disability Partnership,"Horizon Resource Centre, Coldhams Lane",CB1 3HY,157774900001,169.0,147.0,145.0,G,26.0,84.0,0.0,Schools And Seasonal Public Buildings,2011-03-08,E07000008,E14000617,Cambridgeshire County,2011-03-23,Schools And Seasonal Public Buildings,Natural Gas,,,,1178,367.0,172.0,41.0,40.0,0.0,0.0,17.0,24.0,84.0,77.0,0.0,0.0,No,,,4.0,Heating and Natural Ventilation,S3;,"MAIN BUILDING, Cambridgeshire Learning Disability Partnership, Horizon Resource Centre, Coldhams Lane",Cambridge,Cambridge,CAMBRIDGE,2011-03-21,2010-12-31,2011-03-23 16:08:49,Standard Occupancy,200004213649.0,Address Matched
54709110102011092110570660940980,ADMIN/HALL/KITCHEN/SPORTS HALL,The Netherhall School,Queen Ediths Way,CB1 8NN,916481960004,105.0,114.0,,E,76.0,52.0,0.0,Schools And Seasonal Public Buildings,2011-08-10,E07000008,E14000934,Cambridgeshire County,2011-09-21,Schools And Seasonal Public Buildings,Natural Gas,,,,2275,118.0,164.0,61.0,40.0,0.0,0.0,72.0,,66.0,,0.0,,No,,,4.0,Heating and Natural Ventilation,S3;,"ADMIN/HALL/KITCHEN/SPORTS HALL, The Netherhall School, Queen Ediths Way",Cambridge,South Cambridgeshire,CAMBRIDGE,2011-03-31,2011-02-28,2011-09-21 10:57:06,Standard Occupancy,200004202889.0,Address Matched
54708908952011092110595601029961,HUMANITIES,The Netherhall School,Queen Ediths Way,CB1 8NN,916481960002,104.0,114.0,,E,76.0,52.0,0.0,Schools And Seasonal Public Buildings,2011-08-10,E07000008,E14000934,Cambridgeshire County,2011-09-21,Schools And Seasonal Public Buildings,Natural Gas,,,,2293,117.0,164.0,61.0,40.0,0.0,0.0,67.0,,62.0,,0.0,,No,,,4.0,Heating and Natural Ventilation,S3;,"HUMANITIES, The Netherhall School, Queen Ediths Way",Cambridge,South Cambridgeshire,CAMBRIDGE,2011-03-31,2011-02-28,2011-09-21 10:59:56,Standard Occupancy,200004202889.0,Address Matched
54709080062011092110584119980093,DT/SCIENCE,The Netherhall School,Queen Ediths Way,CB1 8NN,916481960003,103.0,114.0,,E,44.0,30.0,0.0,Schools And Seasonal Public Buildings,2011-08-10,E07000008,E14000934,Cambridgeshire County,2011-09-21,Schools And Seasonal Public Buildings,Natural Gas,,,,1322,116.0,164.0,60.0,40.0,0.0,0.0,43.0,,40.0,,0.0,,No,,,4.0,Heating and Natural Ventilation,S3;,"DT/SCIENCE, The Netherhall School, Queen Ediths Way",Cambridge,South Cambridgeshire,CAMBRIDGE,2011-03-31,2011-02-28,2011-09-21 10:58:41,Standard Occupancy,200004202889.0,Address Matched
34946010142011092213244260910980,TEACHING BLOCK,The Netherhall School,Queen Ediths Way,CB1 8NN,916481960001,104.0,,,E,130.0,88.0,0.0,Schools And Seasonal Public Buildings,2011-08-10,E07000008,E14000934,Cambridgeshire County,2011-09-22,Schools And Seasonal Public Buildings,Natural Gas,,,Ground source heat pump feeds under floor heating in Hall and Stage area.,3923,115.0,161.0,60.0,40.0,0.0,0.0,,,,,,,No,,,3.0,Heating and Natural Ventilation,S3;,"TEACHING BLOCK, The Netherhall School, Queen Ediths Way",Cambridge,South Cambridgeshire,CAMBRIDGE,2011-05-01,2011-04-30,2011-09-22 13:24:42,Standard Occupancy,200004202889.0,Address Matched
54709208912011092213253701059961,NEW SCIENCE BLOCK,The Netherhall School,Queen Ediths Way,CB1 8NN,916481960005,103.0,,,E,41.0,28.0,0.0,Schools And Seasonal Public Buildings,2011-08-10,E07000008,E14000934,Cambridgeshire County,2011-09-22,Schools And Seasonal Public Buildings,Natural Gas,,,,1250,114.0,161.0,60.0,40.0,0.0,0.0,,,,,,,No,,,4.0,Heating and Natural Ventilation,S3;,"NEW SCIENCE BLOCK, The Netherhall School, Queen Ediths Way",Cambridge,South Cambridgeshire,CAMBRIDGE,2011-05-01,2011-04-30,2011-09-22 13:25:37,Standard Occupancy,200004202889.0,Address Matched
55004020242011092911201429600210,,Abbey Meadows Primary & The Fields Childrens Centre,Galfrid Road,CB5 8ND,525952620000,97.0,,,D,135.0,164.0,0.0,Schools And Seasonal Public Buildings,2011-09-21,E07000008,E14000617,Cambridgeshire County,2011-09-29,Schools And Seasonal Public Buildings,Natural Gas,,,,5824,145.0,160.0,42.0,40.0,0.0,0.0,,,,,,,No,,,4.0,Heating and Natural Ventilation,S3;,"Abbey Meadows Primary & The Fields Childrens Centre, Galfrid Road",Cambridge,Cambridge,CAMBRIDGE,2011-09-01,2011-07-25,2011-09-29 11:20:14,Standard Occupancy,10023617312.0,Address Matched
55385712032012032617410929000795,,St. Albans Primary School,Lensfield Road,CB2 1EN,151977940000,64.0,,,C,32.0,23.0,0.0,Schools And Seasonal Public Buildings,2012-02-02,E07000008,E14000617,Cambridgeshire County,2012-03-26,Schools And Seasonal Public Buildings,Natural Gas,,,,1599,73.0,159.0,36.0,40.0,0.0,0.0,,,,,,,Yes,,1.0,5.0,Heating and Natural Ventilation,S3;,"St. Albans Primary School, Lensfield Road",Cambridge,Cambridge,CAMBRIDGE,2011-09-30,2011-09-30,2012-03-26 17:41:09,Standard Occupancy,200004215707.0,Address Matched
46211000242013012815225538700290,,Milton Road Primary School,Ascham Road,CB4 2BD,324930730000,91.0,,,D,58.0,63.0,0.0,Schools And Seasonal Public Buildings,2013-01-28,E07000008,E14000617,Cambridgeshire County,2013-01-28,Schools And Seasonal Public Buildings,Natural Gas,,,,2546,128.0,157.0,41.0,40.0,0.0,0.0,,,,,,,No,,,4.0,Heating and Natural Ventilation,S3;,"Milton Road Primary School, Ascham Road",Cambridge,Cambridge,CAMBRIDGE,2013-01-28,2012-10-31,2013-01-28 15:22:55,Standard Occupancy,10002568223.0,Address Matched
75916082052013020814352507019308,"ASHBURTON, FIRWOOD, HEADMASTERS HOUSE, KEYNES & LEYSPRING",St. Faiths School,Trumpington Road,CB2 8AG,383527500001,108.0,,,E,176.0,86.0,6.0,Long Term Residential; Schools And Seasonal Public Buildings,2013-02-08,E07000008,E14000617,Cambridgeshire County,2013-02-08,Schools And Seasonal Public Buildings,Natural Gas,,,Solar PV Panels: 11485 kWh Electricity,4031,110.0,191.0,80.0,43.0,0.0,3.5,,,,,,,Yes,,2.0,1.0,Heating and Natural Ventilation,S7; S3;,"ASHBURTON, FIRWOOD, HEADMASTERS HOUSE, KEYNES & LEYSPRING, St. Faiths School, Trumpington Road",Cambridge,Cambridge,CAMBRIDGE,2013-02-01,2012-12-31,2013-02-08 14:35:25,Standard Occupancy,,
46226867032013032419094846000899,,Newnham Croft Primary School,Chedworth Street,CB3 9JF,698681570000,70.0,,,C,3.0,45.0,0.0,Schools And Seasonal Public Buildings,2013-02-04,E07000008,E14000617,Cambridgeshire County,2013-03-24,Schools And Seasonal Public Buildings,Natural Gas,,,,1282,182.0,165.0,5.0,40.0,0.0,0.0,,,,,,,No,,,4.0,Heating and Natural Ventilation,S3;,"Newnham Croft Primary School, Chedworth Street",Cambridge,Cambridge,CAMBRIDGE,2013-01-31,2013-01-30,2013-03-24 19:09:48,Standard Occupancy,10002565446.0,Address Matched
75566950242013032715443117210270,MAIN BUILDING,Queen Emma Primary School,Gunhild Way,CB1 8QY,426605210001,51.0,,,C,97.0,5.0,0.0,Schools And Seasonal Public Buildings,2013-03-23,E07000008,E14000934,Cambridgeshire County,2013-03-27,Schools And Seasonal Public Buildings,Grid Supplied Electricity,,,,3721,7.0,162.0,47.0,40.0,0.0,0.0,,,,,,,Yes,,1.0,4.0,Heating and Natural Ventilation,S3;,"MAIN BUILDING, Queen Emma Primary School, Gunhild Way",Cambridge,South Cambridgeshire,CAMBRIDGE,2013-01-31,2012-12-31,2013-03-27 15:44:31,Standard Occupancy,,
65370727032013070416041241000493,,Park Street Primary School,Lower Park Street,CB5 8AR,234146800000,102.0,,,E,14.0,19.0,0.0,Schools And Seasonal Public Buildings,2013-07-04,E07000008,E14000617,Cambridgeshire County,2013-07-04,Schools And Seasonal Public Buildings,Natural Gas,,,,607,163.0,166.0,43.0,40.0,0.0,0.0,,,,,,,No,,,4.0,Heating and Natural Ventilation,S3;,"Park Street Primary School, Lower Park Street",Cambridge,Cambridge,CAMBRIDGE,2013-05-27,2013-02-28,2013-07-04 16:04:12,Standard Occupancy,10002565455.0,Address Matched
80748427032013071715243571000196,,Homerton Nursery School,Holbrook Road,CB1 7ST,262110600000,102.0,,,E,27.0,16.0,0.0,Schools And Seasonal Public Buildings,2013-07-03,E07000008,E14000934,Cambridgeshire County,2013-07-17,Schools And Seasonal Public Buildings,Natural Gas,,Not applicable,Not applicable,726,121.0,181.0,68.0,45.0,0.0,0.0,,,,,,,No,,,5.0,Heating and Natural Ventilation,S3;,"Homerton Nursery School, Holbrook Road",Cambridge,South Cambridgeshire,CAMBRIDGE,2013-04-02,2013-04-02,2013-07-17 15:24:35,Extended Occupancy,,
46281478012013092709394100009821,,Ridgefield School,Radegund Road,CB1 3RL,816080520000,86.0,,,D,36.0,23.0,16.0,Schools And Seasonal Public Buildings; Restaurant,2013-07-03,E07000008,E14000617,Cambridgeshire County,2013-09-27,Schools And Seasonal Public Buildings,Natural Gas,,Not applicable,"Type1: Solar Panels, 29176 kWh; Electricity",1264,96.0,167.0,53.0,42.0,0.0,30.8,,,,,,,No,,,5.0,Heating and Natural Ventilation,S3; H1;,"Ridgefield School, Radegund Road",Cambridge,Cambridge,CAMBRIDGE,2013-01-09,2012-12-02,2013-09-27 09:39:41,Standard Occupancy,10002565379.0,Address Matched
80766730202013110510051776800930,,Colleges Nursery & Family Centre,Campkin Road,CB4 2LD,529623870000,104.0,,,E,26.0,7.0,0.0,Schools And Seasonal Public Buildings,2013-07-16,E07000008,E14000617,Cambridgeshire County,2013-11-05,Schools And Seasonal Public Buildings,Natural Gas,,Not applicable,Not applicable,576,65.0,168.0,84.0,44.0,0.0,0.0,,,,,,,No,,,5.0,Heating and Natural Ventilation,S3;,"Colleges Nursery & Family Centre, Campkin Road",Cambridge,Cambridge,CAMBRIDGE,2013-01-09,2013-01-05,2013-11-05 10:05:17,Extended Occupancy,10002565535.0,Address Matched
85960470802013111323015104630920,MUD LANE BLOCK,Parkside Community College,Parkside,CB1 1EH,688077600003,89.0,,,D,49.0,48.0,0.0,Schools And Seasonal Public Buildings,2013-02-14,E07000008,E14000617,Cambridgeshire County,2013-11-13,Schools And Seasonal Public Buildings,Natural Gas,,,,1597,156.0,185.0,56.0,59.0,0.0,0.0,,,,,,,No,,,4.0,Heating and Natural Ventilation,S3;,"MUD LANE BLOCK, Parkside Community College, Parkside",Cambridge,Cambridge,CAMBRIDGE,2012-10-01,2012-07-30,2013-11-13 23:01:51,Extended Occupancy,200004214443.0,Address Matched
93644635012014071512360607039300,SPORTS HALL,North Cambridge Academy,Arbury Road,CB4 2JF,307957300003,140.0,,,F,30.0,25.0,0.0,Schools And Seasonal Public Buildings,2014-07-07,E07000008,E14000617,Cambridgeshire County,2014-07-15,Schools And Seasonal Public Buildings,Natural Gas,,,,617,211.0,184.0,89.0,52.0,0.0,0.0,,,,,,,No,,,4.0,Heating and Mechanical Ventilation,S3;,"SPORTS HALL, North Cambridge Academy, Arbury Road",Cambridge,Cambridge,CAMBRIDGE,2014-04-01,2014-01-31,2014-07-15 12:36:06,Extended Occupancy,200004213245.0,Address Matched
93635950022014071512304803030334,DRAMA STUDIO/WORKSHOP,North Cambridge Academy,Arbury Road,CB4 2JF,307957300004,169.0,,,G,30.0,25.0,0.0,Schools And Seasonal Public Buildings,2014-07-07,E07000008,E14000617,Cambridgeshire County,2014-07-15,Schools And Seasonal Public Buildings,Natural Gas,,,,613,214.0,163.0,89.0,40.0,0.0,0.0,,,,,,,No,,,4.0,Heating and Natural Ventilation,S3;,"DRAMA STUDIO/WORKSHOP, North Cambridge Academy, Arbury Road",Cambridge,Cambridge,CAMBRIDGE,2014-04-01,2014-02-01,2014-07-15 12:30:48,Standard Occupancy,200004213245.0,Address Matched
81031850962014101311563226900730,,Trumpington Meadows Primary School,Kestrel Rise,CB2 9AY,325058610000,82.0,,,D,82.0,51.0,0.0,Schools And Seasonal Public Buildings,2014-10-13,E07000008,E14000617,Cambridgeshire County,2014-10-13,Schools And Seasonal Public Buildings,Natural Gas,,,,3237,82.0,146.0,46.0,40.0,0.0,0.0,,,,,,,Yes,,2.0,5.0,Heating and Mechanical Ventilation,S3;,"Trumpington Meadows Primary School, Kestrel Rise",Cambridge,Cambridge,CAMBRIDGE,2014-12-03,2014-09-03,2014-10-13 11:56:32,Standard Occupancy,10090708584.0,Address Matched
99616612052015022814451607049566,"ST. CUTHBERTGÇÖS, ARTS, DRAMA AND THEOLOGY BLOCK",St.Bedes Interchurch School,Birdwood Road,CB1 3TD,566627160004,89.0,,,D,54.0,34.0,0.0,Schools And Seasonal Public Buildings,2015-02-09,E07000008,E14000617,Cambridgeshire County,2015-02-28,Schools And Seasonal Public Buildings,Natural Gas,,,,1983,88.0,142.0,50.0,40.0,0.0,0.0,,,,,,,Yes,,1.0,5.0,Heating and Natural Ventilation,S3;,"ST. CUTHBERTGÇÖS, ARTS, DRAMA AND THEOLOGY BLOCK, St.Bedes Interchurch School, Birdwood Road",Cambridge,Cambridge,CAMBRIDGE,2015-01-01,2014-11-30,2015-02-28 14:45:16,Standard Occupancy,200004213714.0,Address Matched
107151457952015112016114903919444,THE EARLY YEARS BUILDING,Morley Memorial Primary School,91 Blinco Grove,CB1 7TX,440673840001,76.0,,,D,5.0,7.0,0.0,Schools And Seasonal Public Buildings,2015-10-15,E07000008,E14000934,Cambridgeshire County,2015-11-20,Schools And Seasonal Public Buildings,Natural Gas,,Not applicable,Not applicable,312,118.0,158.0,31.0,40.0,0.0,0.0,,,,,,,No,,,5.0,Heating and Natural Ventilation,S3;,"THE EARLY YEARS BUILDING, Morley Memorial Primary School, 91 Blinco Grove",Cambridge,South Cambridgeshire,CAMBRIDGE,2015-11-16,2015-11-02,2015-11-20 16:11:49,Standard Occupancy,200004172832.0,Address Matched
113200340062016080111350450960743,MUSIC BLOCK,Chesterton Community College,Gilbert Road,CB4 3NY,455247010003,141.0,,,F,17.0,12.0,0.0,Schools And Seasonal Public Buildings,2016-06-13,E07000008,E14000617,Cambridgeshire County,2016-08-01,Schools And Seasonal Public Buildings,Natural Gas,,,,407,148.0,146.0,77.0,40.0,0.0,0.0,,,,,,,No,,,4.0,Heating and Natural Ventilation,S3;,"MUSIC BLOCK, Chesterton Community College, Gilbert Road",Cambridge,Cambridge,CAMBRIDGE,2016-08-30,2016-05-31,2016-08-01 11:35:04,Standard Occupancy,200004213272.0,Address Matched
113206270502016080111324317040960,DRAMA BLOCK,Chesterton Community College,Gilbert Road,CB4 3NY,455247010004,141.0,,,F,18.0,12.0,0.0,Schools And Seasonal Public Buildings,2016-06-13,E07000008,E14000617,Cambridgeshire County,2016-08-01,Schools And Seasonal Public Buildings,Natural Gas,,,,421,148.0,146.0,77.0,40.0,0.0,0.0,,,,,,,No,,,4.0,Heating and Natural Ventilation,S3;,"DRAMA BLOCK, Chesterton Community College, Gilbert Road",Cambridge,Cambridge,CAMBRIDGE,2016-08-30,2016-05-31,2016-08-01 11:32:43,Standard Occupancy,200004213272.0,Address Matched
71253974952016080111382107029415,SCIENCE BLOCK,Chesterton Community College,Gilbert Road,CB4 3NY,455247010002,139.0,,,F,36.0,24.0,0.0,Schools And Seasonal Public Buildings,2016-06-13,E07000008,E14000617,Cambridgeshire County,2016-08-01,Schools And Seasonal Public Buildings,Natural Gas,,,,844,148.0,150.0,77.0,40.0,0.0,0.0,,,,,,,No,,,4.0,Heating and Natural Ventilation,S3;,"SCIENCE BLOCK, Chesterton Community College, Gilbert Road",Cambridge,Cambridge,CAMBRIDGE,2016-07-23,2016-05-31,2016-08-01 11:38:21,Standard Occupancy,200004213272.0,Address Matched
117505456132016112416400645900495,STUDIO BLOCK,St. Laurences RC School,Arbury Road,CB4 2JX,556542230001,82.0,,,D,6.0,6.0,0.0,Schools And Seasonal Public Buildings,2016-11-24,E07000008,E14000617,Cambridgeshire County,2016-11-24,Schools And Seasonal Public Buildings,Natural Gas,,,,305,106.0,149.0,39.0,40.0,0.0,0.0,,,,,,,No,,,4.0,Heating and Natural Ventilation,S3;,"STUDIO BLOCK, St. Laurences RC School, Arbury Road",Cambridge,Cambridge,CAMBRIDGE,2016-11-30,2016-08-31,2016-11-24 16:40:06,Standard Occupancy,200004216303.0,Address Matched
92240310962016121311454087920340,,Nuffield Road Medical Centre,10 Pippin Drive,CB4 1GL,484516730000,85.0,48.0,,D,21.0,23.0,6.0,Schools And Seasonal Public Buildings,2015-12-17,E07000008,E14000617,Cambridgeshire County,2016-12-13,Schools And Seasonal Public Buildings,Natural Gas,,,,1036,115.0,146.0,38.0,40.0,0.0,22.9,21.0,,19.0,,9.0,,No,,,4.0,Heating and Natural Ventilation,S3;,"Nuffield Road Medical Centre, 10 Pippin Drive",Cambridge,Cambridge,CAMBRIDGE,2016-12-30,2016-09-30,2016-12-13 11:45:40,Standard Occupancy,200004214064.0,Address Matched
119997600062017031613100725970623,DINING HALL,Fawcett Cp School,Alpha Terrace,CB2 9FS,226603570003,50.0,,,B,10.0,3.0,0.0,Schools And Seasonal Public Buildings,2017-03-16,E07000008,E14000617,Cambridgeshire County,2017-03-16,Schools And Seasonal Public Buildings,Natural Gas,,,,509,32.0,149.0,35.0,40.0,0.0,0.0,,,,,,,No,,,4.0,Heating and Natural Ventilation,S3;,"DINING HALL, Fawcett Cp School, Alpha Terrace",Cambridge,Cambridge,CAMBRIDGE,2016-11-30,2016-08-31,2017-03-16 13:10:07,Standard Occupancy,10002565445.0,Address Matched
80771217012017032416325801909680,,Brunswick Nursery School,Young Street,CB1 2LZ,603871380000,106.0,,,E,10.0,5.0,0.0,Schools And Seasonal Public Buildings,2016-11-09,E07000008,E14000617,Cambridgeshire County,2017-03-24,Schools And Seasonal Public Buildings,Natural Gas,,Not applicable,Not applicable,284,93.0,158.0,68.0,40.0,0.0,0.0,,,,,,,No,,,5.0,Heating and Natural Ventilation,S3;,"Brunswick Nursery School, Young Street",Cambridge,Cambridge,CAMBRIDGE,2017-03-26,2017-02-02,2017-03-24 16:32:58,Standard Occupancy,200004215249.0,Address Matched
111950570922017032714113883020630,,Chesterton Primary School,Green End Road,CB4 1RW,382877310000,82.0,,,D,25.0,30.0,0.0,Schools And Seasonal Public Buildings,2016-12-06,E07000008,E14000617,Cambridgeshire County,2017-03-27,Schools And Seasonal Public Buildings,Natural Gas,,,,1255,122.0,157.0,36.0,40.0,0.0,0.0,,,,,,,Yes,,2.0,4.0,Heating and Natural Ventilation,S3;,"Chesterton Primary School, Green End Road",Cambridge,Cambridge,CAMBRIDGE,2017-03-01,2017-01-26,2017-03-27 14:11:38,Standard Occupancy,200004213848.0,Address Matched
125370745012017092115384607059300,GYM AND BOXING,North Cambridge Academy,Arbury Road,CB4 2JF,307957300005,68.0,,,C,20.0,7.0,0.0,Schools And Seasonal Public Buildings,2017-08-04,E07000008,E14000617,Cambridgeshire County,2017-09-21,Schools And Seasonal Public Buildings,Natural Gas,,,,772,44.0,153.0,48.0,40.0,0.0,0.0,,,,,,,Yes,,1.0,5.0,Heating and Natural Ventilation,S3;,"GYM AND BOXING, North Cambridge Academy, Arbury Road",Cambridge,Cambridge,CAMBRIDGE,2017-06-30,2017-03-31,2017-09-21 15:38:46,Standard Occupancy,200004213245.0,Address Matched
121371455912017121818233305009369,,Trumpington Community College,Lime Avenue,CB2 9FD,395455860000,63.0,,,C,181.0,107.0,23.0,Schools And Seasonal Public Buildings; Dry Sports And Leisure Facility,2017-06-15,E07000008,E14000617,Cambridgeshire County,2017-12-18,Schools And Seasonal Public Buildings,Natural Gas,,,: 41920 kWh Electricity,7624,,,,,,,,,,,,,Yes,,1.0,3.0,Heating and Mechanical Ventilation,S3; H8;,"Trumpington Community College, Lime Avenue",Cambridge,Cambridge,CAMBRIDGE,2017-10-01,2017-08-30,2017-12-18 18:23:33,Standard Occupancy,10091727829.0,Address Matched
128485954212019042915413309009824,,Trumpington Park Primary School,Hobson Avenue,CB2 9EG,844349120000,51.0,,,C,38.0,52.0,0.0,Schools And Seasonal Public Buildings,2019-04-25,E07000008,E14000617,Cambridgeshire County,2019-04-29,Schools And Seasonal Public Buildings,Natural Gas,,,,3418,78.0,154.0,20.0,40.0,0.0,0.0,,,,,,,No,,,4.0,Heating and Natural Ventilation,S3;,"Trumpington Park Primary School, Hobson Avenue",Cambridge,Cambridge,CAMBRIDGE,2019-05-01,2019-02-06,2019-04-29 15:41:33,Standard Occupancy,10093697403.0,Address Matched
146455991932019070913451224000891,SCIENCE,The Netherhall School,Queen Ediths Way,CB1 8NN,916481960009,83.0,,,D,20.0,12.0,0.0,Schools And Seasonal Public Buildings,2019-05-22,E07000008,E14000934,Cambridgeshire County,2019-07-09,Schools And Seasonal Public Buildings,Natural Gas,,,,724,83.0,155.0,49.0,40.0,0.0,0.0,,,,,,,Yes,,2.0,3.0,Heating and Natural Ventilation,S3;,"SCIENCE, The Netherhall School, Queen Ediths Way",Cambridge,South Cambridgeshire,CAMBRIDGE,2019-03-31,2019-02-01,2019-07-09 13:45:12,Standard Occupancy,200004202889.0,Address Matched
146453880022019070913441119250298,DT/MUSIC BLOCK,The Netherhall School,Queen Ediths Way,CB1 8NN,916481960008,83.0,94.0,90.0,D,36.0,22.0,0.0,Schools And Seasonal Public Buildings,2019-05-22,E07000008,E14000934,Cambridgeshire County,2019-07-09,Schools And Seasonal Public Buildings,Natural Gas,,,,1334,83.0,155.0,49.0,40.0,0.0,0.0,41.0,40.0,22.0,22.0,0.0,0.0,Yes,,2.0,3.0,Heating and Natural Ventilation,S3;,"DT/MUSIC BLOCK, The Netherhall School, Queen Ediths Way",Cambridge,South Cambridgeshire,CAMBRIDGE,2019-03-31,2019-02-01,2019-07-09 13:44:11,Standard Occupancy,200004202889.0,Address Matched
146455828212019070913432701079961,C BLOCK,The Netherhall School,Queen Ediths Way,CB1 8NN,916481960007,83.0,94.0,89.0,D,74.0,45.0,0.0,Schools And Seasonal Public Buildings,2019-05-22,E07000008,E14000934,Cambridgeshire County,2019-07-09,Schools And Seasonal Public Buildings,Natural Gas,,,,2758,83.0,155.0,49.0,40.0,0.0,0.0,71.0,70.0,37.0,38.0,0.0,0.0,Yes,,2.0,3.0,Heating and Natural Ventilation,S3;,"C BLOCK, The Netherhall School, Queen Ediths Way",Cambridge,South Cambridgeshire,CAMBRIDGE,2019-03-31,2019-02-01,2019-07-09 13:43:27,Standard Occupancy,200004202889.0,Address Matched
903bef4ea7834ccf224601207600242537bf7fe0183f66642134b296c418beca,Fawcett Primary School,,Alpha Terrace,CB2 9FS,10000871823,78.0,79.0,60.0,D,56.0,69.0,0.0,Schools And Seasonal Public Buildings,2020-10-21,E07000008,E14000617,Cambridgeshire,2020-10-21,Schools And Seasonal Public Buildings,Natural Gas,,,,3115,114.0,151.0,33.0,40.0,0.0,0.0,72.0,44.0,55.0,55.0,2.0,0.0,Y,,1.0,5.0,Heating and Natural Ventilation,S3; ,"Fawcett Primary School, Alpha Terrace",Cambridge,Cambridge,CAMBRIDGE,2020-09-26,2020-08-12,2020-10-21 00:00:00,Standard Occupancy,10002565445.0,Address Matched
54809eb101d93a2e5f13cdf08f2ee0202cc4aae0efd5d514987c437769ce4a8e,St Paul's C of E (VA) Primary School,Coronation Street,,CB2 1HJ,10000876716,95.0,101.0,106.0,D,19.0,38.0,5.0,Schools And Seasonal Public Buildings,2020-11-04,E07000008,E14000617,Cambridgeshire,2020-11-04,Schools And Seasonal Public Buildings,Natural Gas,,,,1174,166.0,151.0,30.0,40.0,0.0,23.4,22.0,22.0,38.0,43.0,4.0,5.0,Y,,1.0,4.0,Heating and Natural Ventilation,S3; ,"St Paul's C of E (VA) Primary School, Coronation Street",Cambridge,Cambridge,CAMBRIDGE,2020-11-10,2020-09-29,2020-11-04 00:00:00,Standard Occupancy,200004215485.0,Address Matched
886b12b5d5348cef5e6d1538ca3f557d74058206906a42df18b74a6a1858793e,Shirley Community Nursery and Primary School (Upper Site),Nuffield Road,,CB4 1TF,10000876104,83.0,90.0,94.0,D,77.0,74.0,0.0,Schools And Seasonal Public Buildings,2020-05-21,E07000008,E14000617,Cambridgeshire,2020-11-30,Schools And Seasonal Public Buildings,Natural Gas,,,,3571,107.0,151.0,39.0,40.0,0.0,0.0,98.0,101.0,65.0,76.0,0.0,0.0,N,,,4.0,Heating and Natural Ventilation,S3; ,"Shirley Community Nursery and Primary School (Upper Site), Nuffield Road",Cambridge,Cambridge,CAMBRIDGE,2020-06-19,2020-04-29,2020-11-30 00:00:00,Standard Occupancy,200004214065.0,Address Matched
d98e10254be793abf76c3cedd23777c387a4a97f4b6dfce8fad4196d23bbf8dd,Morley Memorial Primary School,91 Blinco Grove,,CB1 7TX,10000874340,91.0,109.0,111.0,D,35.0,74.0,0.0,Schools And Seasonal Public Buildings,2020-11-30,E07000008,E14000934,Cambridgeshire,2020-11-30,Schools And Seasonal Public Buildings,Natural Gas,,,,2335,164.0,151.0,27.0,40.0,0.0,0.0,64.0,62.0,40.0,42.0,0.0,0.0,N,,,4.0,Heating and Natural Ventilation,S3; ,"Morley Memorial Primary School, 91 Blinco Grove",Cambridge,South Cambridgeshire,CAMBRIDGE,2020-12-07,2020-09-30,2020-11-30 00:00:00,Standard Occupancy,200004172832.0,Address Matched
2260bf498ac3f1f5e19670d37e6e00621280da0c60e25ad67460d2f4dc8c2c1c,St. Philips C of E Primary School,2 Vinery Way,,CB1 3DR,10000877149,74.0,85.0,87.0,C,30.0,52.0,5.0,Schools And Seasonal Public Buildings,2020-12-16,E07000008,E14000617,Cambridgeshire,2020-12-16,Schools And Seasonal Public Buildings,Natural Gas,,,,2164,124.0,151.0,25.0,40.0,0.0,16.4,44.0,43.0,50.0,55.0,3.0,4.0,Y,,1.0,5.0,Heating and Natural Ventilation,S3; ,"St. Philips C of E Primary School, 2 Vinery Way",Cambridge,Cambridge,CAMBRIDGE,2020-12-16,2020-10-23,2020-12-16 00:00:00,Standard Occupancy,200004184633.0,Address Matched
d7f0e90fd1e4a1c7f097fa6f0ab02ee13e788678aaae5277a2a6ff5ebfacc5ec,Mayfield Primary School,Warwick Road,,CB4 3HN,10000874129,71.0,90.0,82.0,C,58.0,68.0,0.0,Schools And Seasonal Public Buildings,2020-12-29,E07000008,E14000617,Cambridgeshire,2020-12-29,Schools And Seasonal Public Buildings,Natural Gas,,,,2782,127.0,174.0,38.0,55.0,0.0,0.0,75.0,69.0,85.0,79.0,0.0,0.0,N,,,4.0,Heating and Natural Ventilation,S3; ,"Mayfield Primary School, Warwick Road",Cambridge,Cambridge,CAMBRIDGE,2021-01-01,2020-10-30,2020-12-29 00:00:00,Extended Occupancy,10002565450.0,Address Matched
926d70bea1c57cdf1c4846be8bbd9020e536f98090e9c84c934588f64562c9da,St. Luke's Church of England Primary School,Frenchs Road,,CB4 3JZ,10000876997,60.0,89.0,84.0,C,19.0,28.0,5.0,Schools And Seasonal Public Buildings,2021-01-22,E07000008,E14000617,Cambridgeshire,2021-01-22,Schools And Seasonal Public Buildings,Natural Gas,,,,1521,95.0,151.0,22.0,40.0,0.0,22.5,35.0,30.0,34.0,37.0,5.0,0.0,N,,,4.0,Heating and Natural Ventilation,S3; ,"St. Luke's Church of England Primary School, Frenchs Road",Cambridge,Cambridge,CAMBRIDGE,2020-12-30,2020-10-11,2021-01-22 16:45:08,Standard Occupancy,10002565448.0,Address Matched
22afd0da36094ef231e4d9421cb67d1f757c7d69683a776f267e70cb976e67e5,MILTON ROAD PRIMARY SCHOOL,ASCHAM ROAD,CAMBRIDGE,CB4 2BD,10000874272,71.0,77.0,96.0,C,32.0,60.0,0.0,Schools And Seasonal Public Buildings,2020-12-22,E07000008,E14000617,Cambridgeshire,2021-02-01,Schools And Seasonal Public Buildings,Natural Gas,,,,2546,121.0,149.0,23.0,40.0,0.0,0.0,47.0,65.0,55.0,64.0,0.0,0.0,N,,,4.0,Heating and Natural Ventilation,S3; ,"MILTON ROAD PRIMARY SCHOOL, ASCHAM ROAD, CAMBRIDGE",Cambridge,Cambridge,CAMBRIDGE,2021-01-01,2020-12-31,2021-02-01 09:49:29,Standard Occupancy,10002568223.0,Address Matched
4a2831c3946e0175abac7876ef6151e6d04f4756f6c7495c752da9bc29d6dfd0,ST LUKES CHURCH OF ENGLAND PRIMARY SCHOOL,FRENCHS ROAD,CAMBRIDGE,CB4 3JZ,10000876620,70.0,89.0,84.0,C,22.0,32.0,0.0,Schools And Seasonal Public Buildings,2021-01-28,E07000008,E14000617,Cambridgeshire,2021-02-03,Schools And Seasonal Public Buildings,Natural Gas,,,,1521,109.0,148.0,26.0,40.0,0.0,0.0,35.0,30.0,34.0,37.0,5.0,0.0,N,,,4.0,Heating and Natural Ventilation,S3; ,"ST LUKES CHURCH OF ENGLAND PRIMARY SCHOOL, FRENCHS ROAD, CAMBRIDGE",Cambridge,Cambridge,CAMBRIDGE,2020-12-30,2020-11-30,2021-02-03 11:35:29,Standard Occupancy,10002565448.0,Address Matched
41fbf01290f3611e80e8da6e583c9bc4d913fe9d34714aad32b7b7a0e00a78e9,Grove Primary School,Campkin Road,,CB4 2NB,10000872251,87.0,79.0,69.0,D,61.0,125.0,0.0,Schools And Seasonal Public Buildings; Swimming Pool Centre,2021-01-24,E07000008,E14000617,Cambridgeshire,2021-02-07,Schools And Seasonal Public Buildings,Natural Gas,,,,2950,218.0,218.0,38.0,55.0,0.0,0.0,89.0,79.0,83.0,71.0,0.0,0.0,Y,,1.0,3.0,Heating and Natural Ventilation,S3; H6; ,"Grove Primary School, Campkin Road",Cambridge,Cambridge,CAMBRIDGE,2021-01-24,2020-12-31,2021-02-07 17:49:14,Standard Occupancy,10002565458.0,Address Matched
7b265067f62ebef76d5cce83dbf21c476ff75d197c8ba84cefbfb350a1cd0122,Queen Edith Cp School,Godwin Way,,CB1 8QP,10000875470,53.0,62.0,64.0,C,37.0,42.0,0.0,Schools And Seasonal Public Buildings,2021-02-07,E07000008,E14000934,Cambridgeshire,2021-02-07,Schools And Seasonal Public Buildings,Natural Gas,,,,2935,73.0,148.0,23.0,40.0,0.0,0.0,42.0,44.0,54.0,52.0,0.0,0.0,N,,,4.0,Heating and Natural Ventilation,S3; ,"Queen Edith Cp School, Godwin Way",Cambridge,South Cambridgeshire,CAMBRIDGE,2021-02-01,2020-11-30,2021-02-11 15:04:55,Standard Occupancy,10002565457.0,Address Matched
4fb335186be645f3b03125f5642f2aac128ec70818244af817830e35f51aae38,Chesterton Primary School,Green End Road,,CB4 1RW,10000870724,104.0,120.0,93.0,E,30.0,37.0,0.0,Schools And Seasonal Public Buildings,2021-02-11,E07000008,E14000617,Cambridgeshire,2021-02-11,Schools And Seasonal Public Buildings,Natural Gas,,,,1255,151.0,150.0,43.0,40.0,0.0,0.0,32.0,25.0,45.0,36.0,0.0,0.0,Y,,2.0,3.0,Heating and Natural Ventilation,S3; ,"Chesterton Primary School, Green End Road",Cambridge,Cambridge,CAMBRIDGE,2021-03-01,2021-01-07,2021-02-11 16:31:52,Standard Occupancy,200004213848.0,Address Matched
7e9fb70894f4a886dc4abff7e21a4606529dee7cbb6d819dc830e81d5d35e999,Arbury Primary School,Carlton Way,,CB4 2DE,10000869403,75.0,55.0,47.0,C,19.0,73.0,0.0,Schools And Seasonal Public Buildings,2021-03-11,E07000008,E14000617,Cambridgeshire,2021-03-20,Schools And Seasonal Public Buildings,Natural Gas,,,,2366,159.0,154.0,15.0,40.0,0.0,0.0,17.0,17.0,49.0,41.0,0.0,0.0,N,,,4.0,Heating and Natural Ventilation,S3; ,"Arbury Primary School, Carlton Way",Cambridge,Cambridge,CAMBRIDGE,2021-04-30,2021-01-31,2021-03-20 10:25:05,Standard Occupancy,10002565449.0,Address Matched
3e37b278a0363bce1d2609fbebfae01fa37c493af80e65fc12194a5392eea132,Colville Primary School,Colville Road,,CB1 9EJ,10000870951,37.0,47.0,49.0,B,25.0,35.0,0.0,Schools And Seasonal Public Buildings,2020-12-09,E07000008,E14000617,Cambridgeshire,2021-03-24,Schools And Seasonal Public Buildings,Natural Gas,,,,3087,58.0,154.0,15.0,40.0,0.0,0.0,34.0,34.0,41.0,45.0,0.0,0.0,N,,,4.0,Heating and Natural Ventilation,S3; ,"Colville Primary School, Colville Road",Cambridge,Cambridge,CAMBRIDGE,2021-04-29,2021-01-30,2021-03-24 17:45:31,Standard Occupancy,10002565459.0,Address Matched
997ad2681fc4f73675878fbe3d76dd7809d0c785cadc5b367d7dbf6747349328,Spinney Primary School,Hayster Drive,,CB1 9PB,10000876354,120.0,130.0,130.0,E,36.0,32.0,0.0,Schools And Seasonal Public Buildings,2021-03-26,E07000008,E14000617,Cambridgeshire,2021-03-26,Schools And Seasonal Public Buildings,Natural Gas,,,,1098,148.0,150.0,60.0,40.0,0.0,0.0,40.0,40.0,33.0,35.0,0.0,0.0,N,,,4.0,Heating and Natural Ventilation,S3; ,"Spinney Primary School, Hayster Drive",Cambridge,Cambridge,CAMBRIDGE,2021-01-30,2020-10-31,2021-03-26 09:48:03,Standard Occupancy,200004213675.0,Address Matched
343e285e29514d5989688df4b4f5040bbc19ef64cb62c2b9bbc357716dd2251c,MAIN BUILDING,St  Bedes Interchurch School,Birdwood Road,CB1 3TD,10000881170,57.0,67.0,74.0,C,91.0,32.0,0.0,Schools And Seasonal Public Buildings,2021-04-14,E07000008,E14000617,Cambridgeshire,2021-04-14,Schools And Seasonal Public Buildings,Natural Gas,,,,4310,39.0,148.0,38.0,40.0,0.0,0.0,116.0,94.0,41.0,77.0,0.0,0.0,N,,,4.0,Heating and Natural Ventilation,S3; ,"MAIN BUILDING, St  Bedes Interchurch School, Birdwood Road",Cambridge,Cambridge,CAMBRIDGE,2021-02-28,2020-11-30,2021-04-14 16:57:35,Standard Occupancy,200004213714.0,Address Matched
157175cde60b2d0144485f3f44f110fc870796ed57092360a685666fdb158809,"ST. CUTHBERTGÇÖS, ARTS, DRAMA AND THEOLOGY BLOCK",St Bedes Interchurch School,Birdwood Road,CB1 3TD,10000882301,64.0,75.0,72.0,C,51.0,27.0,0.0,Schools And Seasonal Public Buildings,2021-04-14,E07000008,E14000617,Cambridgeshire,2021-04-14,Schools And Seasonal Public Buildings,Natural Gas,,,,2389,57.0,148.0,38.0,40.0,0.0,0.0,65.0,52.0,28.0,36.0,0.0,0.0,Y,,1.0,4.0,Heating and Natural Ventilation,S3; ,"ST. CUTHBERTGÇÖS, ARTS, DRAMA AND THEOLOGY BLOCK, St Bedes Interchurch School, Birdwood Road",Cambridge,Cambridge,CAMBRIDGE ,2021-02-28,2020-11-29,2021-04-14 17:05:55,Standard Occupancy,200004213714.0,Address Matched
2e29b2cc0d4ffb0bd70065c3e82f3f4aa700a062e92f645c5052b44cfc86c20a,ST ETHELDREDA,St Bedes Interchurch School,Birdwood Road,CB1 3TD,10000882163,57.0,68.0,74.0,C,24.0,8.0,0.0,Schools And Seasonal Public Buildings,2021-04-14,E07000008,E14000617,Cambridgeshire,2021-04-14,Schools And Seasonal Public Buildings,Natural Gas,,,,1112,39.0,148.0,38.0,40.0,0.0,0.0,30.0,24.0,11.0,20.0,0.0,0.0,Y,,1.0,4.0,Heating and Natural Ventilation,S3; ,"ST ETHELDREDA, St Bedes Interchurch School, Birdwood Road",Cambridge,Cambridge,CAMBRIDGE,2021-02-28,2020-11-29,2021-04-14 17:09:41,Standard Occupancy,200004213714.0,Address Matched
ea16423a9e71048d41a06571e89f6e275bff029870cd5255b2f15f7c19caacb7,Trumpington Park Primary School,Hobson Avenue,Trumpington,CB2 9EG,10000882755,56.0,54.0,51.0,C,42.0,57.0,0.0,Schools And Seasonal Public Buildings,2021-02-17,E07000008,E14000617,Cambridgeshire,2021-05-10,Schools And Seasonal Public Buildings,Natural Gas,,,,3418,86.0,154.0,23.0,40.0,0.0,0.0,46.0,38.0,48.0,52.0,0.0,0.0,N,,,4.0,Heating and Natural Ventilation,S3; ,"Trumpington Park Primary School, Hobson Avenue, Trumpington",Cambridge,Cambridge,CAMBRIDGE,2021-05-01,2021-02-01,2021-05-11 20:54:20,Standard Occupancy,10093697403.0,Address Matched
7c2093cae2de52cb7c78bde0bcb9d45d747d7880d46e0f2655f4a0f7f4e2d368,Chesterton Community College,Gilbert Road,,CB4 3NY,10000879882,35.0,31.0,56.0,B,10.0,355.0,0.0,Dry Sports And Leisure Facility; Fitness And Health Centre; Schools And Seasonal Public Buildings; Swimming Pool Centre,2021-06-10,E07000008,E14000617,Cambridgeshire,2021-06-10,Schools And Seasonal Public Buildings,Natural Gas,,,,13330,137.0,237.0,1.0,58.0,0.0,0.0,10.0,246.0,300.0,306.0,0.0,0.0,Y,,2.0,1.0,Heating and Natural Ventilation,H8; H7; S3; H6; ,"Chesterton Community College, Gilbert Road",Cambridge,Cambridge,CAMBRIDGE,2021-07-20,2021-05-01,2021-06-10 15:36:45,Standard Occupancy,200004213272.0,Address Matched
dda5204edcf0fe8243009b8739a4ba415d7b89c2703b3032a0b5c78161de5b37,Bewick Bridge Community Primary School,Fulbourn Old Drift,,CB1 9ND,10001316172,75.0,81.0,91.0,C,106.0,39.0,0.0,Schools And Seasonal Public Buildings,2020-05-14,E07000008,E14000617,Cambridgeshire,2021-09-27,Schools And Seasonal Public Buildings,Natural Gas,,,,3751,53.0,151.0,51.0,40.0,0.0,0.0,120.0,137.0,35.0,40.0,0.0,0.0,Y,,1.0,3.0,Heating and Natural Ventilation,S3; ,"Bewick Bridge Community Primary School, Fulbourn Old Drift",Cambridge,Cambridge,CAMBRIDGE,2020-10-30,2020-08-30,2021-09-30 19:57:41,Standard Occupancy,10003183176.0,Address Matched
85e7f779c5be561e7c106d17f1737e5c15df371a7ef59b35a15d3a2325a0740f,St. Laurences RC School,,Arbury Road,CB4 2JX,10001725797,72.0,68.0,85.0,C,25.0,33.0,0.0,Schools And Seasonal Public Buildings,2021-10-21,E07000008,E14000617,Cambridgeshire,2021-10-21,Schools And Seasonal Public Buildings,Natural Gas,,,,1539,111.0,161.0,30.0,40.0,0.0,0.0,25.0,35.0,29.0,32.0,0.0,0.0,N,,,4.0,Heating and Natural Ventilation,S3; ,"St. Laurences RC School, Arbury Road",Cambridge,Cambridge,CAMBRIDGE,2021-09-25,2021-08-19,2021-10-21 10:22:35,Standard Occupancy,200004216303.0,Address Matched
dc55890c1cc115e274fcb43a714c4073a6f4d1802d4c7d446d20b7f15143ddd6,Cherry Hinton Church of England Primary School,High Street,Cherry Hinton,CB1 9HH,10001724109,94.0,98.0,97.0,D,28.0,47.0,6.0,Schools And Seasonal Public Buildings,2021-10-29,E07000008,E14000617,Cambridgeshire,2021-10-29,Schools And Seasonal Public Buildings,Natural Gas,,,,1548,155.0,151.0,33.0,40.0,0.0,18.9,32.0,34.0,45.0,44.0,0.0,0.0,N,,,4.0,Heating and Natural Ventilation,S3; ,"Cherry Hinton Church of England Primary School, High Street, Cherry Hinton",Cambridge,Cambridge,CAMBRIDGE,2020-06-01,2020-06-01,2021-10-29 00:13:41,Standard Occupancy,10002564606.0,Address Matched
962eefad9e153bc53473bf42abce769e4e6076455f729205c350f81e827488da,Milton Road Primary School,Ascham Road,,CB4 2BD,10001725080,80.0,71.0,77.0,D,37.0,68.0,0.0,Schools And Seasonal Public Buildings,2021-12-13,E07000008,E14000617,Cambridgeshire,2021-12-13,Schools And Seasonal Public Buildings,Natural Gas,,,,2546,137.0,153.0,26.0,40.0,0.0,0.0,32.0,47.0,60.0,55.0,0.0,0.0,N,,,4.0,Heating and Natural Ventilation,S3; ,"Milton Road Primary School, Ascham Road",Cambridge,Cambridge,CAMBRIDGE,2022-01-01,2021-12-16,2021-12-13 12:04:14,Standard Occupancy,10002568223.0,Energy Assessor
d2c255e21b0e14e54d32f421969cad99fd6e2f7fff5cdbfe5af4d9b8abe1e558,Kings Hedges Primary School,Northfields Avenue,,CB4 2HU,10002080635,94.0,83.0,87.0,D,65.0,110.0,0.0,Schools And Seasonal Public Buildings,2022-03-28,E07000008,E14000617,Cambridgeshire,2022-03-28,Schools And Seasonal Public Buildings,Natural Gas,,,,3572,159.0,155.0,33.0,40.0,0.0,0.0,54.0,66.0,100.0,96.0,0.0,0.0,N,,,4.0,Heating and Natural Ventilation,S3; ,"Kings Hedges Primary School, Northfields Avenue",Cambridge,Cambridge,CAMBRIDGE,2022-05-27,2022-02-28,2022-03-28 09:02:40,Standard Occupancy,200004214182.0,Address Matched
c64e870854bcf5e1ee16739e93e28a6396cc64936edeef43e06189bce700e88e,St. Albans Primary School,Lensfield Road,,CB2 1EN,10002540104,52.0,54.0,,C,19.0,24.0,0.0,Schools And Seasonal Public Buildings,2022-06-09,E07000008,E14000617,Cambridgeshire,2022-06-09,Schools And Seasonal Public Buildings,Natural Gas,,,,1599,77.0,151.0,22.0,40.0,0.0,0.0,22.0,,22.0,,0.0,,Y,,1.0,4.0,Heating and Natural Ventilation,S3; ,"St. Albans Primary School, Lensfield Road",Cambridge,Cambridge,CAMBRIDGE,2020-08-01,2020-06-30,2022-06-09 10:07:25,Standard Occupancy,200004215707.0,Address Matched
acae546b9b3cd911eb9f2a184dc2ce257171a7eff42a5d2f3df3af4a9bcf7e40,Castle School,Courtney Way,,CB4 2EE,10003386899,73.0,88.0,93.0,C,63.0,159.0,10.0,Schools And Seasonal Public Buildings; Swimming Pool Centre,2022-09-21,E07000008,E14000617,Cambridgeshire,2022-10-11,Schools And Seasonal Public Buildings,Natural Gas,,,,4531,181.0,200.0,25.0,51.0,0.0,14.6,60.0,64.0,122.0,132.0,0.0,0.0,N,,,4.0,Heating and Natural Ventilation,S3; H6; ,"Castle School, Courtney Way",Cambridge,Cambridge,CAMBRIDGE,2022-10-17,2022-08-31,2022-10-11 22:28:28,Standard Occupancy,10002562871.0,Energy Assessor
e2d24a93519f360f4fd01948f2d9607f3e71ac6296b23ce0294c7cb24a504bf8,North Cambridge Academy,Arbury Road,,CB4 2JF,10003571595,116.0,,,E,116.0,200.0,0.0,Schools And Seasonal Public Buildings,2022-10-25,E07000008,E14000617,Cambridgeshire,2022-11-22,Schools And Seasonal Public Buildings,Natural Gas,,,,5388,192.0,147.0,39.0,40.0,0.0,0.0,,,,,,,Y,,1.0,1.0,Heating and Natural Ventilation,S3; ,"North Cambridge Academy, Arbury Road",Cambridge,Cambridge,CAMBRIDGE,2022-09-01,2022-08-31,2022-11-22 14:32:49,Standard Occupancy,200004213245.0,Energy Assessor
a961670cf7648f47ac441c5dd1201d7ad8a59438a1d1408aca7671d220f9fb0a,Newnham Croft Primary School,Chedworth Street,,CB3 9JF,10003571635,115.0,105.0,,E,31.0,44.0,0.0,Schools And Seasonal Public Buildings,2022-11-28,E07000008,E14000617,Cambridgeshire,2022-11-28,Schools And Seasonal Public Buildings,Natural Gas,,,,1283,177.0,148.0,44.0,40.0,0.0,0.0,27.0,,45.0,,0.0,,N,,,4.0,Heating and Natural Ventilation,S3; ,"Newnham Croft Primary School, Chedworth Street",Cambridge,Cambridge,CAMBRIDGE,2022-09-30,2022-08-01,2022-11-28 17:29:59,Standard Occupancy,10002565446.0,Energy Assessor
6b50908d82d683e9c8199ded815a100baf3dad995053d79e90423a42085b4a91,Colleges Nursery School,The Centre,Campkin Road,CB4 2LD,10003711336,86.0,104.0,,D,19.0,6.0,0.0,Schools And Seasonal Public Buildings,2022-12-01,E07000008,E14000617,Cambridgeshire,2022-12-02,Schools And Seasonal Public Buildings,Natural Gas,,,,579,58.0,148.0,59.0,40.0,0.0,0.0,26.0,,7.0,,0.0,,N,,,4.0,Heating and Natural Ventilation,S3; ,"Colleges Nursery School, The Centre, Campkin Road",Cambridge,Cambridge,CAMBRIDGE,2023-01-08,2022-10-31,2022-12-02 11:24:27,Standard Occupancy,10002565535.0,Address Matched
4fc4a1391496a44898cb09f9f4122d36b13d16669529bd8b1c69b4a24ec26449,St. Lukes C of E A Primary School,Frenchs Road,,CB4 3JZ,10003826632,74.0,77.0,60.0,C,37.0,20.0,0.0,Schools And Seasonal Public Buildings,2022-11-22,E07000008,E14000617,Cambridgeshire,2023-01-17,Schools And Seasonal Public Buildings,Natural Gas,,,,1521,69.0,148.0,44.0,40.0,0.0,0.0,26.0,19.0,36.0,28.0,4.0,5.0,N,,,4.0,Heating and Natural Ventilation,S3; ,"St. Lukes C of E A Primary School, Frenchs Road",Cambridge,Cambridge,CAMBRIDGE,2022-12-30,2022-10-31,2023-01-17 08:08:38,Standard Occupancy,10002565448.0,Address Matched
c45e8e4fbc3a27707e50b89d6ee13f0e8bc3618515a6a20b29a11f40dbb93647,Homerton Early Years Centre,Holbrook Road,,CB1 7ST,10004086175,88.0,102.0,,D,24.0,16.0,0.0,Schools And Seasonal Public Buildings,2023-03-20,E07000008,E14000934,Cambridgeshire,2023-03-22,Schools And Seasonal Public Buildings,Natural Gas,,,,791,104.0,159.0,55.0,48.0,0.0,0.0,27.0,,16.0,,0.0,,N,,,4.0,Heating and Natural Ventilation,S3; ,"Homerton Early Years Centre, Holbrook Road",Cambridge,South Cambridgeshire,CAMBRIDGE,2023-04-02,2023-01-31,2023-03-22 15:15:04,Extended Occupancy,200004211635.0,Address Matched
3947f679df2f600795f5864ca3333f7782e610cfc15c5a8a9934976ff3d6f39a,ST ETHELDREDA,St Bede's Interchurch School,Birdwood Road,CB1 3TD,10004530972,60.0,53.0,57.0,C,25.0,8.0,1.0,Schools And Seasonal Public Buildings,2022-02-16,E07000008,E14000617,Cambridgeshire,2023-06-05,Schools And Seasonal Public Buildings,Natural Gas,,,,1112,38.0,148.0,41.0,40.0,0.0,7.3,24.0,24.0,8.0,8.0,0.0,0.0,N,,,4.0,Heating and Natural Ventilation,S3; ,"ST ETHELDREDA, St Bede's Interchurch School, Birdwood Road",Cambridge,Cambridge,CAMBRIDGE,2023-02-28,2022-12-31,2023-06-05 17:47:16,Standard Occupancy,200004213714.0,Address Matched
fed20385ab14721d714b29644886f932ba32cdece21cce520b12e9f21c6df7da,MAIN BUILDING,St.Bede's Interchurch School,Birdwood Road,CB1 3TD,10004530762,60.0,53.0,57.0,C,98.0,32.0,7.0,Schools And Seasonal Public Buildings,2022-02-16,E07000008,E14000617,Cambridgeshire,2023-06-05,Schools And Seasonal Public Buildings,Natural Gas,,,,4310,38.0,148.0,41.0,40.0,0.0,7.3,92.0,91.0,29.0,32.0,2.0,0.0,Y,,2.0,1.0,Heating and Natural Ventilation,S3; ,"MAIN BUILDING, St.Bede's Interchurch School, Birdwood Road",Cambridge,Cambridge,CAMBRIDGE,2023-02-28,2022-12-31,2023-06-05 17:36:47,Standard Occupancy,200004213714.0,Address Matched
7144892f604d9e5034ea57776c443defb9d7ff48ada5240f257b6358a9219d28,"ST. CUTHBERTGÇÖS, ARTS, DRAMA AND THEOLOGY BLOCK",St.Bede's Interchurch School,Birdwood Road,CB1 3TD,10004531003,64.0,61.0,64.0,C,54.0,23.0,4.0,Schools And Seasonal Public Buildings,2022-02-16,E07000008,E14000617,Cambridgeshire,2023-06-05,Schools And Seasonal Public Buildings,Natural Gas,,,,2389,51.0,148.0,41.0,40.0,0.0,7.3,51.0,51.0,25.0,27.0,1.0,0.0,Y,,2.0,1.0,Heating and Natural Ventilation,S3; ,"ST. CUTHBERTGÇÖS, ARTS, DRAMA AND THEOLOGY BLOCK, St.Bede's Interchurch School, Birdwood Road",Cambridge,Cambridge,CAMBRIDGE,2023-02-28,2022-12-31,2023-06-05 17:44:11,Standard Occupancy,200004213714.0,Address Matched
